{
  "project_info": {
    "project_number": "68350735850",
    "firebase_url": "https://specrave-e9d58-default-rtdb.asia-southeast1.firebasedatabase.app",
    "project_id": "specrave-e9d58",
    "storage_bucket": "specrave-e9d58.firebasestorage.app"
  },
  "client": [
    {
      "client_info": {
        "mobilesdk_app_id": "1:68350735850:android:ee728ce9066b20343a6e93",
        "android_client_info": {
          "package_name": "com.example.specrave"
        }
      },
      "oauth_client": [],
      "api_key": [
        {
          "current_key": "AIzaSyD4MekSJ0tKUZQqQ_d7BXXxYWFyiVrT2_4"
        }
      ],
      "services": {
        "appinvite_service": {
          "other_platform_oauth_client": []
        }
      }
    }
  ],
  "configuration_version": "1"
}